STT,Keyword,Tên,Địa chỉ,Số điện thoại,Website,Email
1,vnb ở hà nội,"VNB Sports - Hệ thống cửa hàng cầu lông, tennis, pickleball","350 P. Khâm Thiên, Thổ Quan, Đống Đa, Hà Nội 100000, Vietnam",+84 904 507 752,https://shopvnb.com/,n/a email
2,vnb ở hà nội,"Mua, Bán, Căng Vợt Cầu Lông Chính Hãng - Đức An Sport","14B P. Lê Trực, Điện Biên, Ba Đình, Hà Nội 100000, Vietnam",+84 836 263 636,https://ducansport.vn/,n/a email
3,vnb ở hà nội,"VNB Sports - Hệ thống cửa hàng cầu lông, tennis, pickleball","33 P. Đốc Ngữ, Vĩnh Phú, Ba Đình, Hà Nội, Vietnam",+84 967 526 025,https://shopvnb.com/,n/a email
4,vnb ở hà nội,"VNB Sports - Hệ thống cửa hàng cầu lông, tennis, pickleball","15 Ng. 200 P. Trần Đại Nghĩa, Đồng Tâm, Hai Bà Trưng, Hà Nội 100000, Vietnam",+84 969 657 994,https://shopvnb.com/,n/a email
5,vnb ở hà nội,"VNB Sports - Hệ thống cửa hàng cầu lông, tennis, pickleball","44 P. Chùa Quỳnh, P, Hai Bà Trưng, Hà Nội 11609, Vietnam",+84 964 723 363,https://shopvnb.com/,n/a email
6,vnb ở hà nội,VNB shop,"33 Trần Quốc Vượng, Dịch Vọng Hậu, Cầu Giấy, Hà Nội, Vietnam",+84 375 207 267,https://shopvnb.com/,n/a email
7,vnb ở hà nội,VNB Trang Thi,"10B P. Tràng Thi, Hàng Trống, Hoàn Kiếm, Hà Nội, Vietnam",+84 28 3910 0767,n/a website,n/a email
8,vnb ở hà nội,"VNB Sports - Hệ thống cửa hàng cầu lông, tennis, pickleball","45, Trung Văn, Nam Từ Liêm, Hà Nội, Vietnam",+84 981 234 593,https://shopvnb.com/,n/a email
9,vnb ở hà nội,"VNB Sports - Hệ thống cửa hàng cầu lông, tennis, pickleball","92 Nguyễn Hữu Thọ, Hoàng Liệt, Hoàng Mai, TP Hà Nội Hà Nội, Hanoi City, Vietnam",+84 973 482 325,https://shopvnb.com/,n/a email
10,vnb ở hà nội,"VNB Sports - Hệ thống cửa hàng cầu lông, tennis, pickleball","588 Đ. Lạc Long Quân, Nhật Tân, Tây Hồ, Hà Nội, Vietnam",+84 931 842 288,n/a website,n/a email
11,vnb ở hà nội,Tiến Dinh Sport,"93 P. Tây Sơn, Quang Trung, Đống Đa, Hà Nội 100000, Vietnam",+84 869 167 669,https://tiendinhsport.com/,n/a email
12,vnb ở hà nội,FBSHOP,"70 102 Trường Chinh, Phương Đình, Đống Đa, Hà Nội, Vietnam",+84 565 323 323,http://fbshop.vn/,n/a email
13,vnb ở hà nội,Quốc Việt Badminton,"7a Ng. 850 Đ. Láng, Láng Thượng, Đống Đa, Hà Nội, Vietnam",+84 362 653 012,https://qvbadminton.com/,n/a email
14,vnb ở hà nội,"VNB Sports - Hệ thống cửa hàng cầu lông, tennis, pickleball","36 đường 70, Tân Triều, Thanh Trì, Hà Nội 00643, Vietnam",+84 379 255 579,https://shopvnb.com/,n/a email
15,vnb ở hà nội,"VNB Sports - Hệ thống cửa hàng cầu lông, tennis, pickleball","138 P. Nguyễn Viết Xuân, Hà Cầu, Hà Đông, Hà Nội 100000, Vietnam",+84 981 143 228,https://shopvnb.com/,n/a email
16,vnb ở hà nội,Cửa Hàng Minh Phương Sport,"302 P. Lê Trọng Tấn, Định Công, Thanh Xuân, Hà Nội, Vietnam",+84 983 192 206,http://www.minhphuongsport.com/,n/a email
17,vnb ở hà nội,Wsport badminton,"113 Trần Đăng Ninh, Dịch Vọng, Cầu Giấy, Hà Nội 100000, Vietnam",+84 981 831 994,https://wsport.vn/,n/a email
18,vnb ở hà nội,Hệ Thống Thế Giới Cầu Lông - Chi Nhánh Cầu Giấy,"106B1 P. Tô Hiệu, Khu tập thể Nghĩa Tân, Cầu Giấy, Hà Nội, Vietnam",+84 838 010 188,http://thegioicaulong.vn/,n/a email
19,vnb ở hà nội,"VNB Sports - Hệ thống cửa hàng cầu lông, tennis, pickleball","555 Vạn Xuân, TT. Trạm Trôi, Hoài Đức, Hà Nội 13200, Vietnam",+84 975 559 964,https://shopvnb.com/,n/a email
20,vnb ở hà nội,HVShop - Shop cầu lông giá rẻ uy tín tại Hà Nội,"36 Đền Lừ 3, Hoàng Văn Thụ, Hoàng Mai, Hà Nội 100000, Vietnam",+84 982 239 644,https://hvshop.vn/,n/a email
21,vnb ở hà nội,Cửa Hàng Cầu Lông - Ngọc Tú Sport,"Ngõ 67/8 Đ. Giáp Bát, Giáp Bát, Hoàng Mai, Hà Nội 11716, Vietnam",+84 982 399 116,n/a website,n/a email
22,vnb ở hà nội,"VNB Sports - Hệ thống cửa hàng cầu lông, tennis, pickleball","99 Đ. Cầu Diễn, phường Bắc, Bắc Từ Liêm, Hà Nội 100000, Vietnam",+84 966 313 458,https://shopvnb.com/,n/a email
